√Årea,Quartos,Banheiros,Price
238.2026172983832,3,3,126877.82
170.00786041836116,2,2,87197.04
198.93689920528698,4,1,104976.31
262.04465996007286,1,1,97078.75
243.37789950749837,1,2,93673.56
101.13610600617945,2,1,61693.03
197.50442087627948,2,1,89767.62
142.4321395851151,1,3,64420.99
144.8390574103221,2,3,86308.45
170.52992509691862,1,3,81004.91
157.2021785580439,5,1,99638.1
222.71367534814874,4,2,124331.91
188.05188625734968,1,3,92354.76
156.0837508246414,4,2,98611.93
172.1931616372713,4,3,120209.65
166.68371636871333,5,1,103946.79
224.7039536578803,1,3,89040.72
139.74208681170995,2,2,79417.63
165.65338508254507,2,1,85008.02
107.29521303491376,1,2,55573.68
22.35050920829606,1,1,29297.7
182.68092977201803,4,2,109329.39
193.22180994297528,4,3,120058.79
112.8917489796779,3,1,71090.91
263.4877311993804,4,2,146821.79
77.28171627006176,1,1,44915.65
152.2879258650723,3,2,85597.21
140.6408074987083,4,2,106272.85
226.63896071792288,2,1,101750.7
223.46793849501427,4,3,131699.53
157.74737128484583,4,1,93841.37
168.90812598010868,4,3,117061.03
105.61071261849436,4,2,90269.66
50.96017658880365,5,1,79488.15
132.60439253369236,1,1,62140.01
157.817448455199,3,3,98118.82
211.51453403638604,1,3,88156.83
210.11899243922056,4,1,106755.64
130.6336591296024,2,1,71706.42
134.88486247123322,3,2,80918.76
97.57235174664537,1,1,52927.54
78.99910314105124,2,1,52731.27
64.68649046874937,4,1,64106.88
247.5387697615895,2,2,104054.04
124.51739091241733,1,3,64623.07
128.09628491944068,3,1,77324.68
87.36023199750369,1,1,42091.6
188.8745177915955,2,2,96476.94
69.30510762210243,2,1,50647.62
139.36298598930156,1,3,72516.41
105.22667194031621,1,2,61369.72
169.3451248929631,1,2,77204.36
124.45974312155636,2,1,71830.98
90.9683907938794,5,1,86735.52
148.59088858306725,1,3,77416.72
171.4165935265209,4,2,106813.85
153.3258611191584,2,2,79433.75
165.12359488698908,5,2,118944.22
118.28389531595182,3,2,80253.51
131.8629417006431,5,2,111123.82
116.37697761120245,3,3,89430.21
132.02234192297294,5,3,112315.0
109.3426858977773,2,3,61678.45
63.68586988341616,4,2,72709.98
158.87130711268765,2,3,82434.79
129.9109531895869,5,2,100481.86
68.49008265169778,5,3,90039.44
173.1391127762887,3,1,81054.71
104.6350817808379,1,1,54108.93
152.59726978980694,2,2,85222.23
186.45452810887684,3,3,117931.97
156.44914553787052,5,1,97671.57
206.97003422716503,5,2,126585.77
88.25870898231736,1,1,49010.33
170.11708205887746,2,1,72544.37
115.75949545298434,5,2,97456.84
106.4601425409059,4,1,81692.92
121.05751676177923,1,1,54927.88
134.42237339363137,1,2,69960.44
152.80826711148728,3,2,90198.84
91.74250796083217,3,2,75260.43
195.04132434770935,3,1,93713.33
173.28312198652299,5,3,128590.66
73.18781568613882,1,2,46381.5
224.41260968977997,2,3,105174.52
244.79445880152917,4,3,142887.87
208.93897855798252,5,1,113737.95
141.00375820938245,5,2,107927.94
96.46236892447288,2,1,60925.66
202.72258634655682,5,2,130703.98
129.84115265134102,2,2,78113.23
211.1222535191214,2,3,107606.4
160.41374890384301,1,1,69522.48
198.83195182418564,5,3,127717.56
167.8183198587201,5,1,105460.79
185.3286584095974,4,3,117262.76
150.52500103604103,2,2,81079.8
239.29352469529175,4,2,122774.81
156.345604635181,4,2,91072.06
170.09946817223508,4,1,103355.82
244.15753485281272,3,2,121584.71
82.61204694287768,1,1,46808.42
86.47575007571332,2,3,60107.03
198.46983540790058,5,3,128194.82
91.34382974429201,3,3,71542.69
247.18105928246462,3,2,123448.95
129.31905096201262,3,1,78578.49
112.62725942796212,5,2,99086.54
246.14710132401922,3,2,124239.29
224.0257395717212,3,2,108750.48
243.3779480213285,5,1,134592.42
195.30223291376927,1,1,77677.65
106.93871574726487,3,2,85745.59
245.50324765495168,2,2,109439.45
136.59983145243098,1,1,56539.82
190.12281978981974,5,2,116973.86
197.3625983886874,1,1,80125.64
142.24949534545829,1,3,77159.14
180.70396851730402,4,3,118806.83
196.11033357832633,5,2,121548.56
168.82127655778146,1,1,62596.74
95.02996047079029,5,1,82755.07
164.9119087103028,3,2,98534.22
216.31929483435152,5,2,137436.35
115.27160701343172,1,1,60546.56
142.51827298361647,5,3,116232.67
128.24232241391812,4,2,93585.45
242.4631864239671,4,1,132609.95
183.61473785062176,4,3,107762.33
170.37309181205552,5,2,112151.7
111.50419627773418,1,3,63962.88
176.96245956459086,3,3,105138.66
116.2833669671312,2,2,72441.85
151.59152791371756,3,1,78902.22
118.20769608105596,4,1,87848.76
183.82166474732497,1,1,76236.52
178.82954083074705,5,3,122382.93
139.58506222110026,5,3,121109.69
169.80033563308226,1,3,73535.67
95.34692456347472,1,2,64339.19
75.43712036471972,4,2,80106.6
171.96958506322684,4,2,111634.0
158.33367476862645,1,3,76539.9
181.7515718446053,4,2,109405.2
269.1572387431971,2,2,117101.06
197.2239743495207,5,3,122897.48
104.35888872779208,4,3,97078.51
205.85081440479266,4,3,124108.62
84.20462947442394,4,1,82264.56
126.92076975926454,1,2,67838.68
146.58791973376844,2,2,71910.78
235.66713608246835,4,3,141829.29
112.76225889757801,2,3,83398.63
108.67807306704928,2,1,66787.51
145.07737377872837,1,2,71852.09
116.82608568189463,4,3,92466.69
206.33179610532534,2,1,90759.49
96.00342458182882,4,2,83565.0
92.62656737944488,4,3,93829.49
128.1089977627783,3,2,82677.79
125.09837746538476,5,1,92057.12
246.4766026908493,4,2,122085.26
197.47104034628805,1,1,84364.32
154.37756206925954,5,3,115434.11
88.7282240584916,1,1,46150.96
192.21814882007735,1,3,97511.84
99.98923263052177,1,1,50593.36
72.76144516111943,3,2,72890.22
209.40148961761508,5,3,129180.75
165.8471305962425,1,1,67519.7
196.04294118904096,3,2,112486.11
165.93638264715105,5,2,121913.87
192.84153059513454,1,1,78493.19
117.44872033499266,1,2,64824.69
98.28785791077676,4,3,85608.44
184.07972591408134,5,2,118196.16
109.82951679130795,2,2,71147.9
115.52251111248998,1,1,53229.67
127.22337482413285,1,3,76430.15
150.87395795125283,1,1,72481.36
132.3003044373258,4,3,104978.1
81.25243532909906,4,3,88729.99
117.81907985835548,4,2,80436.69
38.82984238877867,5,2,78709.43
181.26157255135936,3,2,93857.46
69.89711721966262,5,2,87376.78
94.78083302857746,3,1,68917.21
152.60825396304872,2,1,78039.07
113.02185018043434,5,3,104942.99
227.1507297703368,1,2,97828.84
85.35715451382757,2,3,65424.92
163.35254346745916,1,1,67041.71
148.03585908862522,3,2,83430.67
91.59532511294013,4,2,86488.81
176.1638330265877,3,2,99236.61
141.4226834388876,5,1,93357.36
188.58952756068336,2,3,101379.73
191.17520769818657,2,2,93800.79
258.1617974640345,2,2,112829.53
216.8263974718196,3,3,121143.06
131.54090810287784,5,3,111794.95
138.03104112120369,4,3,103562.72
204.98297979435566,2,2,94341.44
182.7631865361299,4,2,116932.7
182.00657630487962,2,2,94771.23
69.15219778445828,2,3,73529.05
148.78369378005323,3,2,91622.88
113.09845453971556,1,1,57902.78
163.9962299521619,2,2,80440.91
145.0924805178521,1,3,82035.56
195.5089454046296,3,1,94685.45
165.86091075956512,2,3,99851.92
189.3163981054488,5,2,122725.33
126.67904516320284,2,1,72708.96
102.77768720408747,2,2,63338.83
129.49751533987256,5,3,112716.21
149.14897930692797,5,2,110585.93
168.9575867777541,2,2,93044.48
262.9654475345426,4,3,143451.42
147.88714241696786,3,3,96904.54
102.20274997536114,4,2,88491.19
132.7009112150307,2,3,88324.59
126.8202012676953,1,2,66852.34
174.0740736886731,5,2,118116.08
72.96014927776876,5,1,80972.71
153.16309971001658,1,2,74970.43
157.82532689826877,3,2,93921.01
161.6090518100138,3,3,95497.69
120.13419655173186,2,1,72135.64
138.10391351319964,2,1,66705.49
78.79695455087342,5,1,80975.63
125.3340058318903,1,2,63302.68
122.85692619916412,1,1,58534.31
170.80250231307127,4,1,103140.06
92.19087840890437,3,3,86187.68
189.05990508549968,3,3,112110.17
224.72422722456844,2,2,97908.27
46.50074874932338,2,2,49268.38
171.31293653890503,3,2,98803.87
183.84540175151227,4,3,115131.11
118.12814872238854,2,1,60775.1
130.1364092835601,2,1,69391.37
143.3559711206522,4,1,95814.7
135.1104560299136,5,3,113915.45
134.54935154764388,3,3,96224.89
66.19980968350117,1,3,58409.91
207.616578239156,1,3,96585.49
203.98092960184107,1,1,83301.02
109.33178703978986,1,1,47285.69
76.6787836098743,1,3,56006.38
176.05324382263794,5,3,119461.16
121.2106015093467,3,1,73636.57
157.097658166039,2,2,82137.15
134.03357914274525,1,2,71366.01
184.57693755350934,4,3,126331.11
184.7374571828003,1,3,87830.51
113.72013107682079,5,2,98492.52
80.83180223024723,3,3,82404.54
70.85308013324591,4,2,72128.81
180.51896895536026,1,1,71615.73
90.55703711079855,5,1,77582.99
124.65918228506563,1,3,68813.29
120.1842980774746,1,2,62057.83
147.3716351865227,4,3,100861.36
53.18600970767466,5,3,96923.95
159.43892983969144,3,1,82598.22
176.19455119171027,5,2,111855.19
154.42110435223307,3,2,96753.01
134.45569141507642,3,3,94412.97
154.87000831343917,3,1,90055.6
169.9523172820065,3,2,94416.2
11.370362178667506,5,2,67987.14
247.79561541253472,4,3,135872.36
169.50466613439633,3,1,97358.94
117.379570880649,2,2,75539.95
130.45233124061994,3,1,82701.9
174.6870888674594,2,3,108503.64
144.19480304828167,1,3,69918.6
48.465776610925275,3,2,56354.69
253.22464306796599,2,1,109619.9
144.47296713837636,3,2,91231.34
201.00863558579,5,2,125801.25
115.39750761078045,4,1,83764.86
226.81885271228987,1,3,100121.02
164.31718444461399,4,1,101404.32
180.44219172377254,4,1,103319.82
97.73733169265226,5,2,97956.2
210.55726448413503,2,3,111267.93
184.4909082267394,1,3,94332.58
215.09231147824994,4,2,120036.92
118.59562201792106,3,2,85828.63
125.94864407696062,2,3,76394.78
265.1958348841971,1,2,99549.64
96.99920886392263,4,1,80519.24
143.20251496608395,4,1,98690.37
206.84456813013477,2,2,103337.02
154.8862483857428,3,1,74161.52
179.1476839876647,4,2,108747.37
130.02754853685624,5,3,107836.01
168.50279439237593,5,2,119211.57
84.67365741323417,2,3,61470.44
232.9065339809094,1,2,91315.2
144.0917977435715,2,2,81273.74
115.99108980015748,2,1,59445.65
183.3191541015957,1,1,77718.44
126.96401063057233,1,1,58673.29
83.28707642986232,1,1,40280.83
82.66412471012224,3,2,69714.16
184.68865763450663,4,1,99705.32
142.02132809268664,2,2,67547.76
143.31492201657804,5,2,109190.52
203.88719029881315,1,3,94108.17
93.65870956216283,1,2,56347.82
113.46611235675876,1,1,45726.28
130.75600954093622,4,3,101190.23
154.7175794658537,5,3,121383.31
147.89142743547106,2,3,95175.88
135.65564038050462,4,2,97464.91
146.91867989521762,3,1,83037.75
144.63473618544126,5,3,112520.55
114.01978057241035,5,2,94107.08
109.35035057229614,3,2,81182.81
163.72581788619698,2,3,86062.1
105.4542458502236,5,1,93909.14
92.13223704045731,1,2,52775.85
134.38538744371533,2,3,76285.36
142.11664919180922,4,2,102577.5
262.83617486491045,3,1,117588.58
114.76498620718831,1,1,62203.35
197.16303624847473,1,1,75979.07
187.35941671023159,1,1,89945.43
90.5527522398132,4,2,78629.58
188.66264887013,1,1,78404.85
90.80596799033411,5,3,104539.74
17.041388100162948,1,1,30379.97
180.31597621796902,2,1,81471.09
62.20547082811403,5,3,95356.71
172.54672309029576,1,1,73836.93
115.79945511313917,4,1,88470.0
232.9775398094936,1,3,99427.79
203.42546996580046,4,1,109321.45
127.33070980743062,5,2,90668.95
115.60811944856587,5,2,95472.8
89.29612984529396,5,1,81401.25
127.95386838537043,5,2,104084.2
135.98222524077454,4,3,100885.64
131.76532278041572,2,2,68681.19
157.8351927636182,4,1,101268.87
178.92607488644393,4,1,111395.83
167.4827228496587,1,1,61533.69
111.79280380467785,1,1,54021.57
78.11042630992108,4,3,76235.09
218.22659240512357,3,1,113195.7
115.52754077250312,2,3,79563.4
117.38532000324903,5,3,98772.09
123.94053438494446,5,1,95495.76
57.84652249216758,5,2,86013.21
126.10129979797567,1,2,62755.74
126.01720929960261,1,2,60371.25
181.01791491717563,2,1,88876.58
184.9228574553668,2,2,97181.8
150.18854445431347,4,3,111630.47
196.59241870571518,1,2,87864.8
166.9982491900631,5,3,118587.87
149.21589441987226,4,2,104863.71
158.04640841491116,3,3,112877.85
140.46732532093003,3,2,90076.18
130.2575242983275,2,2,64937.99
136.61332315530169,1,3,77406.87
93.59943342649966,1,2,58791.44
164.0220852658148,3,2,99071.26
100.34381945352096,2,2,64394.08
192.0815632036818,2,1,92364.74
137.52707099195257,1,1,60907.22
152.47474908250453,1,2,73101.28
174.69183881404783,3,2,102681.43
182.16572325314638,5,1,115235.55
71.46882956832737,2,3,59207.8
139.65481619180142,1,2,69860.63
194.00894560403913,2,2,92567.23
65.09470902838727,5,3,91279.68
169.36402376975317,3,3,101317.01
37.22178852989053,5,3,82400.62
98.87465781821982,3,2,78126.88
151.93152759200942,2,3,89045.52
67.16424488390231,4,3,77965.9
100.72446311579247,2,1,45896.83
76.40824962682066,4,3,94393.09
232.40674661037798,2,2,118239.27
158.2113877743667,5,2,114425.62
178.36451389263345,3,1,95397.17
138.86624497424228,2,2,79117.4
132.32841256214004,1,2,72149.59
69.17629056744838,3,1,63840.13
135.40813186260687,5,3,105946.41
111.92538940941884,2,3,83591.14
192.89619621461682,3,2,112871.75
207.05509333287867,1,1,72125.41
223.32893577870888,3,3,119068.4
192.6275969730616,2,2,93226.56
120.0673031538507,1,3,68425.85
94.20515070198027,2,2,73896.33
188.3331590822543,4,3,117716.52
167.81464087361445,3,3,95659.87
61.57307746614846,1,2,44341.45
167.77408963718847,2,3,90778.34
190.72599112439332,4,2,120277.43
152.9462794590815,2,1,81297.85
140.74731644953292,2,3,82455.97
109.61757561918222,3,1,65723.65
77.6732650218306,3,2,72301.06
190.0148974670014,4,3,119896.66
134.54427776141455,3,3,89664.27
138.32666692281538,1,3,63721.9
236.63605934595665,4,1,127275.8
184.22505534295954,3,3,108272.0
168.5412500640551,5,3,118112.55
157.10309025936178,1,2,69110.79
225.99974303828864,2,3,117072.92
235.97946537080972,1,3,114248.93
196.4752555739764,1,1,77301.56
179.1112295698962,1,1,77320.87
45.269846439692756,5,3,87899.16
156.18609571167534,1,1,70882.8
143.4946522903148,5,3,119089.03
154.69766146927844,5,3,121349.66
197.1523043661259,3,3,113296.38
13.016141640522193,5,3,84080.25
121.53439732649075,5,3,112966.48
163.49521774703805,4,1,91695.5
126.65772269736188,5,2,109349.69
79.15469434368703,1,3,58010.81
193.44817434483977,2,3,91007.11
163.8435952923064,5,3,118918.02
101.44477147777576,5,3,107562.72
165.74086022579118,3,1,90340.06
191.0792856024898,3,3,114290.18
150.26463231496805,1,2,62144.98
190.02824017154984,4,2,109497.83
153.91300875808307,5,3,126421.73
130.23855086728227,2,3,82183.1
92.02897418000435,5,3,100611.17
145.70346165141936,4,2,95461.62
159.7146469022886,4,1,93490.65
193.79163807936655,2,1,84387.09
144.24462657563868,1,1,58956.35
172.87078031104954,5,2,115464.79
101.76939931331358,5,2,88491.64
110.86854220862375,3,1,73395.14
144.4805350486556,1,3,84361.34
97.26857680074932,2,3,77861.22
191.01239186623405,5,1,114596.12
173.15651646593037,4,1,96779.02
163.95478821962269,1,2,76766.89
166.94520626079722,4,2,96830.05
251.05217807423986,4,2,125796.66
126.55679060166023,5,1,99335.42
39.9279357249721,2,1,49149.81
159.96500984482327,2,3,88988.96
147.4698229519167,2,2,86795.75
124.12404787447983,5,3,106258.1
101.0585070320615,3,3,90413.96
128.0405239098926,2,3,88004.76
159.06692146089105,4,2,111074.36
124.85916496787308,4,1,90388.57
270.6226839771874,3,2,133616.74
101.9747809183426,1,2,51600.92
110.34413186461641,5,2,98448.7
35.56899799927358,5,3,90389.46
162.57422075107684,4,3,103792.4
49.179668610012,2,3,48490.65
123.02726833127494,2,1,67024.15
136.21647327197215,3,1,76014.4
114.5136017076556,1,1,48140.57
236.94363387272554,2,1,101016.8
199.71971956577494,2,2,93739.26
215.9568438150788,4,3,121062.51
105.87905907250408,2,3,69687.59
206.42970322572842,5,2,139229.48
174.8000473171981,2,2,91999.98
188.57029743384228,2,3,96828.63
201.47194143913836,1,3,102509.37
104.56183770204734,5,1,91016.96
128.78411895110492,3,1,91117.2
193.12980056642255,5,2,116442.17
17.219045351253357,3,3,62000.15
225.66640412866025,1,3,101447.19
177.6566032103792,1,1,76314.6
147.71480196698826,4,1,87652.29
161.02538278785866,1,3,80706.88
98.50323583455116,2,2,66538.72
132.50283177054476,5,1,100956.07
205.01421691101868,3,3,107541.52
214.90109861631106,5,2,127000.02
284.811202628179,5,3,161739.28
146.30376668597924,5,3,115924.09
117.07235165974981,5,3,104740.9
124.28830170300056,5,2,99803.17
99.09790623563177,1,2,46508.07
146.10726220295746,5,3,110731.1
169.13662150061342,5,3,134309.19
148.2878859734023,3,2,84731.55
204.81734228328992,5,3,135698.35
138.28920993277316,5,3,119939.45
132.62746737507183,5,2,114244.58
120.93657615698373,2,1,59381.66
68.36827368827524,2,2,49626.09
71.6116137845773,2,1,52103.39
91.04210346811561,5,1,88649.42
215.07140358323804,1,2,83447.23
194.76301364449648,2,1,88517.36
218.7482033196495,4,3,119602.8
83.38941727027492,2,2,70111.07
51.568765510698995,3,1,43288.41
116.99718399329586,1,1,55822.94
158.7909476648014,3,2,92114.15
174.93451374549136,3,2,96914.05
202.39860779840265,2,3,104593.32
164.21398354036074,3,1,86726.34
237.13343903278155,3,2,121026.78
138.869715952584,1,1,67061.99
104.34603909791018,2,1,61236.73
65.93908922527832,1,1,37979.42
105.55143209522751,5,2,98799.08
162.10589804925615,2,3,84993.57
105.56398713231846,3,1,87159.8
196.83712317676287,2,2,109571.44
220.61638530187216,2,1,95756.56
31.520654738669847,5,3,82132.45
193.2026150248824,1,1,63277.54
38.019797066913156,2,3,62418.71
170.07495275451438,2,2,88060.43
211.24352820968298,4,2,117600.79
153.2428053171788,2,2,76244.31
86.01554133978803,1,1,47414.76
120.72843978611137,4,3,98784.73
136.91772771445497,3,1,85085.16
140.88776081050284,3,3,86541.24
139.85515796166663,2,2,76254.39
144.50586103453432,1,1,66227.84
160.67400244550845,2,2,81479.88
89.57131731333894,3,2,69128.4
137.89900850648903,2,3,86743.55
225.91305851778526,2,3,109379.62
130.7677288428741,3,3,93512.63
127.80819534224011,3,1,84704.44
203.9098651857119,4,2,111054.87
22.04076668279518,4,1,56451.66
209.0689300644143,1,3,90288.88
118.40481209974163,1,3,65378.34
158.19642862262933,3,3,108433.57
154.81606779605985,1,2,62953.82
197.12340596101967,1,2,87130.02
136.62026268823263,4,3,101910.81
116.09871092177748,3,2,73466.0
214.89228953255494,4,2,119838.37
31.79130914294099,2,1,36740.63
151.01670908526216,3,1,84777.36
82.60372886854398,5,3,94161.56
111.92133058717205,1,3,66224.06
250.56283407315686,1,2,102832.44
147.77022867720714,3,1,92615.75
159.75348485756905,5,1,103240.16
60.92185721472043,3,3,72290.04
113.54776706026522,1,1,50920.75
159.82787003643924,1,2,66793.96
167.7378846556609,3,1,89778.0
180.84432771966394,2,1,89556.26
150.43139494587882,4,3,98903.54
176.35021042273297,3,1,87769.51
172.6890956317842,2,3,90835.38
58.512979449773425,5,3,85696.23
151.85028609550747,1,1,67648.3
188.3951203866352,1,3,92482.9
179.493991036726,3,2,98512.27
131.80705950146051,5,3,112195.9
109.7186746230316,3,3,90637.44
94.08440378391839,4,1,76883.43
143.44729942292938,3,1,80330.74
206.6539939779861,1,3,95919.88
52.4097949259199,1,3,53042.89
117.0054135135251,2,3,86623.71
93.0098772286613,4,2,83426.37
189.247876062025,2,1,91709.49
122.28451867143495,4,2,95596.74
126.46811709226043,1,1,54852.76
139.15252150316755,3,1,84307.28
172.26966254473987,1,2,83645.23
130.38055009251815,2,2,74740.0
-2.307152739996326,2,1,26372.72
177.16559456937597,3,1,91551.08
171.95214788360212,5,2,111951.87
139.02294858343933,1,2,58952.54
95.79816896640327,2,1,53218.34
167.58900553406792,5,2,123188.3
168.96177667677932,5,3,122242.81
126.49835586495627,1,1,60366.06
139.16342647122306,2,2,70673.66
103.49217487378394,5,3,110743.72
141.07054539563353,2,1,61810.44
72.47853274582596,5,1,88811.54
170.8659410515918,1,2,75468.27
102.78157545878531,1,3,65791.72
161.9051573916156,2,2,83950.5
79.70185418660503,1,2,43300.47
120.49711770652301,4,3,99293.72
144.47552974670361,1,2,63985.27
66.96500940653684,3,1,67056.86
155.7573936570046,1,3,79031.87
131.04262185600385,2,2,73587.3
62.88219010953847,5,2,84578.34
84.83786229438421,4,2,87446.51
180.25600420410834,2,1,87068.67
194.7777992775662,2,1,86530.39
143.40456801100166,5,3,108697.57
170.23809060202487,5,3,130332.68
161.19217816564554,3,1,76856.42
166.4811491063869,2,3,100493.24
214.29920035401466,4,1,118077.72
74.65008008928639,3,1,53316.57
183.82303661808118,3,2,100893.22
130.899552221109,4,3,103325.57
138.787053287418,5,2,106890.4
134.8875134772465,5,1,97087.26
131.2426441669358,2,3,79034.5
88.69019041084906,3,2,66812.24
159.16695996288007,4,1,92775.91
233.54715163944286,4,1,119132.63
147.19334897756215,4,2,100817.18
149.93074786324522,3,2,86653.43
115.63504814216682,1,2,60179.9
144.12627267909443,1,3,81684.97
173.30832130170154,2,3,101509.0
131.48787796478285,3,2,92582.14
127.30979794739994,3,2,84577.12
170.16322700816235,1,1,77237.22
104.09976150904774,5,3,102695.35
162.62483135384363,1,2,77875.42
191.0160898630711,3,3,107795.58
217.99742708397423,4,3,124474.93
145.48089963615266,3,3,95433.01
218.37986199033568,2,1,85293.6
201.7204943240759,1,2,93379.82
100.1893679814467,2,2,73056.85
89.10307442034245,1,2,55554.05
134.75181810727898,1,1,57932.42
201.44677462974272,2,1,83199.88
146.38564962199976,2,1,76835.38
119.96712211711058,4,2,83808.69
227.61215900242803,2,3,114961.57
164.34522440016733,5,1,106115.6
33.970286210462916,3,3,58280.53
165.85803131463445,4,1,109281.97
176.0020307285434,1,1,74506.68
161.28043272355518,5,1,109831.3
172.48560501159963,2,2,92496.87
146.6362195538509,2,1,67838.81
84.08020651776329,5,2,85050.05
131.46479983897734,3,1,84388.67
102.71921022218544,5,1,90775.18
103.36295446028112,1,3,72019.45
86.84658254488623,5,1,85766.05
172.62445463198233,4,1,110360.18
154.89480727063136,5,3,124125.57
127.59173186596459,5,1,96317.04
117.53310361348059,1,2,66872.39
148.8288447489274,1,1,67983.01
203.95973640562445,3,2,109751.87
49.78921422505425,1,1,31280.01
168.84382604254463,1,2,77554.55
122.71440129911088,1,1,68502.06
55.770707751027615,5,3,87864.1
52.71484584180206,5,1,78768.38
104.36082529323541,1,2,49612.43
160.97547778965227,2,1,78356.34
169.6531466990046,1,1,74014.1
103.05092136611074,1,1,49983.2
200.85104957066224,3,2,104307.38
221.1491748258053,1,2,93903.13
169.804329247828,1,1,60932.28
120.42986660959446,3,1,72122.37
206.2209592255184,1,1,82667.26
187.76978478316693,1,3,90406.47
193.3703705677459,4,3,120061.41
117.17681625142342,3,1,76809.04
8.272274736264876,3,1,33341.71
255.83955107418376,4,1,120448.86
69.45607982750332,3,1,57079.09
148.21159640698895,2,3,94780.61
269.0372675609875,5,2,145941.84
166.5288378137187,5,2,119752.95
197.4623236779118,3,2,109851.86
74.88017153091437,5,1,79961.09
61.11665226331469,1,3,53610.34
123.36486040102227,1,2,56940.54
204.537486721725,2,3,102027.25
132.6875276176345,4,1,83259.98
110.26818394642507,5,1,88546.82
159.89836449724837,2,2,80326.6
204.09676092386326,5,1,125419.53
77.75299004633142,1,2,50244.21
89.47285029383241,2,3,77774.64
110.5665372745317,2,1,60696.31
204.73191873560455,4,2,112594.62
161.7410762974366,1,2,75051.14
256.6076705285222,2,1,101115.89
196.8222862915558,1,3,96859.27
148.24524115651647,1,3,71756.82
213.2538919044383,3,3,115045.14
160.5748506365939,3,1,76939.31
114.75393237462775,4,1,79345.04
183.9987422122551,1,3,91080.92
115.18366730694586,3,1,71182.02
135.48014495980667,5,3,111684.28
216.38913479789915,1,2,87920.04
144.93592568913004,2,2,75334.21
109.84293063291858,1,3,63241.07
126.78311542822541,2,1,59034.9
201.08952927943366,4,3,122676.83
122.37296632916355,3,1,76950.59
130.65645765746768,5,2,105882.6
124.48536301831857,3,2,72484.6
159.19627471701548,2,1,73815.13
130.7255119812196,4,3,98333.07
69.90819755137315,2,1,64037.5
105.64095290774799,4,3,102128.64
103.36054792467809,4,3,92543.33
212.16596922275775,5,2,137418.18
190.63370210545213,5,3,135424.22
179.3629689699913,3,2,104965.71
124.7320841367795,5,2,102989.81
109.21042290030144,2,1,62931.49
124.62411991713215,2,2,80333.13
97.4059948724163,4,2,80241.49
274.86001957935036,3,2,133981.59
37.73391758142989,3,3,62189.66
178.20042675369046,3,1,93790.94
85.77238510037364,4,3,85922.34
144.78282542526537,5,2,110308.45
100.59990287531328,1,3,57228.95
91.11855187586846,2,2,73492.83
92.99018495325191,4,1,77250.14
237.74930768710294,2,2,115134.93
143.3505788845204,5,2,120377.13
111.71489027609569,5,2,107147.93
177.78934820414366,4,3,116652.75
150.51746572831496,4,2,97486.55
186.00168796708263,1,2,79296.92
58.78716720310851,3,2,70309.35
165.18019522310007,1,2,79933.6
188.6347418551191,4,2,109495.62
66.92008544427182,1,2,47005.71
172.40976422116563,2,3,95185.22
234.80907864140804,5,1,137206.02
149.25711483226488,5,1,106228.39
191.07029685124056,1,1,68962.17
183.5285225155455,3,1,102521.59
114.62471512447115,4,3,93782.04
151.98833672932477,5,2,108864.62
71.65026445691987,1,2,47469.7
127.4348481448737,4,3,107980.6
163.2843987483118,5,1,112603.64
186.1550246868899,1,3,92216.85
151.23060626239558,4,3,109564.49
185.99918650715827,3,1,89087.63
94.85468935223152,1,3,57951.21
144.91513627225643,1,2,76454.1
150.96396922565387,1,3,78523.03
242.47956233398182,5,1,128180.65
139.2916671899958,3,1,89633.1
125.04916810029086,3,1,74731.69
151.06756119217744,1,3,76529.08
104.04432775650281,1,1,54816.63
159.6376924532608,3,2,93158.58
131.7472391726871,4,1,92008.25
60.43362259794081,1,2,43529.9
147.07067244330696,3,3,94407.96
134.12284530349004,5,1,99052.27
68.37883489660084,3,1,58601.65
146.6432922692739,4,2,92990.42
224.46779810372402,1,3,101658.74
176.06518741378568,3,2,98751.76
180.5963596365579,2,3,98457.21
82.92516372084788,1,2,45565.65
173.84491844611114,1,2,76620.09
157.4224790690039,2,1,72187.43
176.45226191672157,1,2,83120.88
171.13143108544128,5,3,133775.25
82.01096372480932,5,2,96678.7
147.92995942210163,4,3,101367.09
112.1064569787417,4,2,84397.28
147.4957952857589,3,1,86639.1
105.12995365490848,3,2,70036.55
215.62351835704982,5,3,129356.02
107.05138057778288,1,3,66754.79
105.05289217672319,2,1,64667.21
153.72932032717767,5,3,114703.06
96.14504652980025,4,1,80553.03
128.76683487835672,4,2,89664.42
108.5017701231019,4,3,95649.13
220.55860319448058,2,1,91791.29
189.29019134155863,4,2,110220.11
147.12652407673028,4,2,105396.37
130.43914739129917,3,1,81311.92
197.04588072875566,1,1,77025.74
170.2602040161444,1,2,70990.36
174.90262023414283,2,2,85239.38
148.6903881327875,4,1,95115.0
65.58849861142839,3,1,54253.37
144.37670087202235,1,2,74667.59
123.37550403954661,2,2,77181.2
182.25276367299384,3,3,105445.2
200.59212164970944,4,3,121685.83
117.10244776194156,2,1,61514.26
173.4192617138526,3,1,96829.82
236.79394988428567,1,2,96709.94
116.61436397147205,5,2,106923.4
234.09608700365686,1,1,83131.4
107.37070764146765,5,1,90424.68
151.14798778039759,2,1,69832.58
149.44271940790793,3,1,79456.49
150.57494499350312,3,2,86529.89
108.11609790460274,3,3,84082.22
120.44084481177852,4,3,94520.17
116.61398568203003,1,1,56600.91
166.34812977022287,5,1,104228.01
166.50175572551558,4,3,98639.06
261.29721658691295,2,2,120360.33
218.54945031455605,2,2,100595.32
124.50783789307604,4,1,87504.59
166.2434807898093,5,1,104289.54
199.85589903958797,2,3,105856.86
151.53009121692588,1,1,62440.31
146.51792107765323,2,3,87518.34
152.57874713849446,5,2,111349.76
193.3638314404214,1,1,74713.26
107.58397385973836,4,3,97514.41
133.7165265589913,5,1,106791.81
173.5216572423241,1,1,75747.52
165.5723535777078,1,3,78836.6
161.97913799281957,1,1,63339.13
131.50994168480983,5,3,109824.89
198.62678945712685,3,1,95961.83
256.6934123602269,2,1,103430.32
170.3207746838103,3,1,90980.45
140.341164922508,2,3,93137.5
187.78701444472713,5,1,119142.24
123.0433681623505,2,2,74395.28
112.51548276485516,5,3,105343.39
151.6404373806856,1,2,65462.22
20.86016835150278,4,2,56684.7
92.30248181739952,3,3,87372.54
132.6019072039577,3,3,86741.96
82.33055709261433,5,2,97656.4
98.36784490539353,2,3,73206.57
128.16258312709962,2,2,67877.3
67.85173532346954,4,1,69211.53
129.6964101870084,1,3,71301.72
123.23649177335778,2,3,74349.87
151.2702604192508,2,2,85803.47
207.70920152470097,1,2,88039.73
158.6252208246433,4,2,112487.72
151.05310106710317,2,2,78550.96
154.9727228515356,5,2,103943.29
161.36963875605642,1,1,67251.77
99.16306756951155,2,3,69013.53
144.2612337614601,4,1,87240.79
165.43756209183067,3,1,76918.7
81.46200087284697,5,2,88456.5
193.28264614079268,5,2,120134.4
204.06880172290948,5,3,135511.02
118.43120057753056,5,2,99637.31
137.9331104273448,3,1,81582.18
106.09048285949635,3,3,90112.88
184.96902417939086,3,1,96558.34
96.93888562770454,3,1,68656.65
138.87614948785398,4,1,96042.42
107.05400460961641,2,1,61866.44
152.54771385056446,3,1,86788.19
60.28853642551395,3,1,65570.23
216.32308211828467,4,1,111422.76
101.7696787896868,1,1,49591.14
152.9947341558138,4,3,103825.02
139.37384776148454,1,1,56903.33
111.8942744038751,5,2,104535.12
105.61099316820324,4,3,88476.2
196.819927177623,5,2,112411.48
123.71797034490302,1,1,58238.68
163.55850923186554,4,3,106792.28
109.92515573028126,1,3,68495.5
117.64092840761197,1,2,60726.35
173.61235750439243,5,3,117116.47
196.52042480555582,1,2,81840.69
141.234179883649,2,3,87010.44
78.90400641797815,3,3,78966.8
249.89780398750025,4,1,127056.3
107.17253458828952,5,1,87103.66
72.92063001641063,3,1,70967.88
279.7212293884076,5,1,140676.07
129.79838530745315,2,2,80826.89
76.9133655869296,3,3,73261.8
115.82801166056592,4,3,94943.97
168.37724480111345,1,1,70415.23
159.515577879697,1,3,84837.73
107.4135401373205,3,1,67324.78
241.13618000639798,5,1,127570.35
123.92101610033134,4,3,113797.03
90.7656704794224,1,1,41630.44
198.034669923033,3,2,104015.05
216.4531423269841,3,1,106200.9
109.12534511918868,2,1,68007.63
79.93263534803448,4,2,84420.01
201.52191337078023,4,1,100302.97
47.63381934710192,5,1,77059.87
88.66891703016923,5,1,90632.79
198.37230750251175,3,2,99872.56
147.23237259888052,2,1,71200.9
136.80313257036562,3,1,86651.31
167.6408303247189,5,3,120863.19
142.36127882272956,1,2,70052.8
85.06566389184549,2,2,60426.29
213.80376730030937,4,2,115212.04
216.25070264434078,1,1,86006.15
160.26662818889798,1,2,75230.73
152.25670077160052,4,2,96712.58
266.9812403010029,3,1,121763.16
136.17835774920815,2,3,75783.73
137.02115090829804,1,2,64262.44
168.22406246202527,3,2,97672.92
223.56609780711693,4,2,112388.64
229.63853772087418,3,2,118780.07
137.07136841616145,1,1,60830.2
165.41656229796726,2,2,90629.95
81.09582664679614,2,1,39494.03
134.40119460418936,4,1,93736.45
107.98548022603467,3,3,91071.43
99.65841238505081,5,2,96352.08
234.07883581336637,2,2,104912.04
110.38566690969276,5,2,97808.56
123.41970459942726,3,3,94925.92
168.2924393958429,3,2,92878.24
214.89126334867927,5,1,122995.63
174.05575631944177,4,2,112713.06
287.9677557010791,5,3,154476.56
146.26660108744252,1,2,67888.51
162.9358220114873,5,3,127515.3
163.78003369920282,5,2,120663.32
221.75246933945772,4,3,127883.6
175.36194755548075,1,2,79546.9
144.18851498064254,3,2,97685.98
102.62557025465603,1,3,73449.2
162.22217279808163,5,2,114666.14
220.06724156459796,3,3,112667.35
129.48091031710646,4,2,96625.87
176.4471809208291,3,1,90692.26
162.3073894342422,4,3,106756.42
193.17598291906575,5,3,126716.28
109.76231296810653,1,2,58868.68
267.33235152632807,1,1,101719.35
86.04194464858709,1,3,59004.71
131.72244550069814,1,1,54589.91
196.90462704528227,1,3,94248.88
164.83665862470568,2,2,92139.53
191.49930795405515,5,1,117978.52
125.19488330087188,1,1,52280.57
146.25975086598294,1,3,67466.98
150.61159918194087,4,1,85876.44
228.46298072679522,5,2,133533.88
184.52145121915245,4,1,102743.48
189.83360541823356,1,1,69251.71
117.10369537316024,5,2,102627.12
198.44413192815253,5,1,117490.53
161.27908317844017,5,1,104903.2
219.4572657838964,3,2,104889.78
250.7030077459234,2,2,104359.65
134.66171119864978,2,1,71831.79
129.68484347774688,1,2,71515.13
106.79775044488153,2,1,59571.9
142.82102441418397,5,3,123144.71
130.8987275524808,3,3,89951.04
167.9752199785505,2,1,83012.82
142.7716591533132,2,1,73954.9
131.920035960919,3,1,85931.16
203.22925680639258,4,2,113834.72
103.10598844242742,1,1,54386.2
171.6553976575672,5,2,130984.04
129.70291364057584,3,2,85234.55
186.21842524349822,4,1,96085.66
219.2630773361115,1,3,89332.78
134.84508732879635,4,1,88398.77
172.05164536365757,1,3,83794.4
158.939643286659,2,2,90268.99
110.02888002284517,3,3,85613.42
162.03937548709692,1,1,74867.05
164.4560252639406,3,3,100806.29
170.64354102230874,3,3,104480.14
140.0800551589977,4,1,90633.13
154.70961501550732,5,3,116889.68
92.61945275784323,4,1,70602.88
132.09429622600717,4,1,88716.15
177.7981339854899,5,3,136535.93
194.6236943665765,5,3,138635.66
128.88425879373648,4,3,102924.38
155.2357014716642,3,3,105251.73
161.40266625620336,2,3,92489.11
160.07399733522163,5,1,100390.27
177.0386792650195,2,3,101456.63
59.09611848082153,3,1,62470.92
147.53379649262138,5,3,109589.42
161.95168006233826,1,3,88909.64
99.98348255231473,1,3,55080.91
233.6992853505355,4,3,139528.99
158.0779633619084,2,2,88625.82
228.17023725144648,1,2,98441.24
110.47384890834614,4,3,105159.4
104.63499392373365,4,2,94500.24
161.2126110482841,4,2,103914.22
66.06558185856717,3,1,49933.2
160.7482795313047,2,2,83424.19
154.8609616001459,5,1,108500.67
200.78326407710506,4,3,115274.15
185.05206705825486,5,3,135014.64
129.1261325057483,1,3,79068.04
95.12516726148776,3,2,73237.81
235.61526106716482,5,3,137781.04
110.3942489717425,4,1,71921.7
97.72377214652671,3,2,79556.88
95.75719702692774,4,2,81926.37
205.8652657768332,3,1,106136.2
124.0549897787574,5,2,98632.16
112.31477669096995,5,2,97942.96
156.88449129516738,1,1,65705.61
139.65276447213546,2,3,85285.97
116.09522696068765,4,2,90846.26
187.699573348924,4,1,110919.38
203.26577460489975,1,2,87576.76
199.26587544699333,3,1,106023.32
188.34598348305994,3,2,91374.28
170.13127655650175,5,3,124412.5
61.20560000190855,5,1,86154.0
233.46254031884843,4,3,133087.77
165.09946051787765,2,1,71738.54
180.4078213800321,4,2,114866.89
205.7481161473701,3,2,111871.27
221.6676251440996,2,2,111652.55
170.9199005654596,2,2,80418.94
171.77730796478266,1,1,73107.54
120.03878612701403,5,1,100727.59
151.65448755693802,2,2,78976.25
107.29193695928228,4,3,94435.75
114.00297339290526,3,2,81064.59
105.32127988429043,5,3,100227.52
142.19880545013564,4,1,100033.84
202.45465939600052,3,1,109710.53
308.54873866450896,4,2,152823.03
159.47498187739566,4,2,106031.1
82.579345612194,5,2,81895.43
213.2491664928128,3,1,115155.5
134.96080617619864,4,2,97555.32
116.9695703011504,2,2,72525.23
160.49247389615277,5,3,117019.62
87.96877002218862,1,1,45477.15
161.12315820043034,2,2,88085.47
145.58122384004224,3,3,94506.73
154.9188953407738,2,3,86800.94
169.07081271045854,4,2,107427.07
153.37461286204035,1,1,63968.55
150.81690420564462,5,3,126459.95
164.21572594989723,1,1,63936.53
170.77003130855633,2,3,90435.36
98.4258769842371,1,3,66084.55
78.50043706572758,3,1,64897.49
146.91809739138927,4,3,96745.4
78.3632255032946,4,2,81694.07
154.37657354608353,3,2,96340.29
196.9373437841155,4,3,125986.67
180.3555835958023,5,2,110049.63
97.59147965872634,4,1,69891.13
106.98687740212407,4,1,73642.57
166.41506475003777,2,2,78909.0
129.9351097433245,1,2,68411.12
134.16723524739464,4,2,102764.82
179.8453240623977,2,1,87979.2
100.63566532711738,3,3,89266.27
129.93826450444087,5,2,107934.29
109.99587619576994,3,2,87884.29
97.84352509823222,5,1,80350.34
107.14609056644176,2,3,78381.24
183.87310846732058,3,1,101078.51
152.59101947412108,2,2,85694.0
106.04196855824625,5,1,95360.76
138.44491962035016,4,3,105933.44
68.05963464389112,2,1,44879.19
113.33435962081671,1,1,55015.66
257.47872674336435,4,3,136234.95
145.48780751671248,4,2,97381.85
186.58294635151964,1,1,76095.24
146.72558124277586,3,1,78640.34
167.40846176209044,1,3,75599.0
183.1629044839587,4,2,113604.66
94.76917012367646,3,3,90267.77
148.45318713630206,3,2,92966.81
228.94325972082441,5,2,139222.33
110.22497249733544,1,1,51713.48
121.67800731338903,4,2,101113.42
134.61543613164991,2,2,85963.67
163.45120365881235,5,1,108808.63
176.24589318229414,2,1,89723.19
213.37058274093283,3,2,117129.15
174.97491167343298,4,2,106634.67
146.8973437100833,4,2,107743.94
212.9583564805407,1,3,88266.66
185.20555110707912,4,1,102856.25
75.21602418714919,4,2,76835.19
276.3184120177999,1,2,100780.86
238.4960694098367,1,1,88546.18
141.5892888616463,4,2,105214.59
168.89550508692375,4,2,107292.68
216.21793749979196,5,2,133640.74
141.38996036515587,2,2,73276.62
186.51758951885097,5,3,128471.07
205.22892367857384,5,2,137690.39
99.25870461327796,3,2,79560.76
119.88340732085689,4,1,88608.07
196.07041989052905,5,3,126679.46
173.04072385744152,4,1,105256.13
196.18982801569734,5,2,125018.31
143.3715992673141,3,1,84401.91
135.54973945228835,4,3,108756.94
50.06802622083136,2,2,53364.72
92.69997867462783,3,2,77361.56
152.3533047329247,1,2,65945.35
191.22786097821182,2,2,90414.66
176.55891832678475,5,3,129182.42
143.5879012986149,4,2,96961.71
136.41142167546516,4,1,89248.49
160.85898163191402,2,2,81730.84
153.9105590546076,1,1,64007.5
220.22727574698558,4,2,124991.63
157.32203852391248,1,2,64833.99
75.93770189013507,1,3,59468.09
86.37209324838415,3,3,71936.75
225.937966848179,2,3,115441.54
91.44197692749599,2,1,65659.04
188.22487265167666,2,1,77187.05
136.58136323953093,5,1,98136.74
141.5120853048757,2,2,77809.92
143.293360861579,4,2,93172.95
211.06924797295991,4,2,114850.03
140.35790857280176,2,2,79444.01
148.33403585774235,4,3,104578.15
73.45982513002537,3,2,65442.85
160.33452558540017,5,1,105022.76
176.552125348903,5,1,110504.22
161.95727903268934,1,2,65732.12
219.89481305433677,1,3,95062.16
152.7585677390116,5,3,122907.07
164.94887280595088,2,3,93585.77
232.42520051340895,2,3,106651.82
72.4992905320926,3,2,69620.96
127.20873261003156,5,3,112724.28
221.30793760096333,4,3,125465.19
196.80645741555412,4,2,112326.72
183.91900494202352,1,1,79058.1
191.63253697322392,5,2,130940.82
166.3533104560511,1,1,69177.48
231.5798713766136,3,2,124363.52
168.8879584865359,1,3,84017.03
161.99335529476392,3,3,101518.96
157.94793370628216,5,3,125811.62
159.6431977775193,3,1,92073.05
92.1491359592066,1,1,41854.79
188.53365272316717,5,2,132054.64
143.47801331083363,1,1,59043.11
241.09575489302028,4,2,124133.57
146.21747647057884,2,2,79937.79
171.04591420878282,3,1,87100.51
162.3301093130667,3,2,98404.75
118.72214824453734,2,3,86613.43
199.6068414259253,3,1,110606.89
245.25318202800088,3,3,129499.28
149.26113901700776,4,2,96654.38
134.9760607207289,5,1,93780.94
132.2485634472313,3,3,87577.12
55.381905334132924,4,2,67988.42
141.10934281484938,3,1,81862.51
162.54990580041618,5,1,112560.33
202.73789625901412,4,3,123833.98
198.00238705749638,3,3,121980.23
129.17504587816538,4,2,91839.15
136.1588502613056,2,2,79329.04
206.19526528072194,3,1,105760.08
141.32680514635604,1,1,55876.14
124.49852301221915,5,2,97324.12
219.62592247171364,3,3,113955.3
201.8792833525317,3,3,115976.2
150.9395895887129,1,1,70774.19
120.31112761106662,4,1,81693.06
49.405984037764554,5,3,85837.53
179.4851802787362,1,2,88301.71
105.181513872391,5,1,89968.03
51.8633995429624,3,1,54278.27
229.2410263674509,5,1,132247.71
182.39838955049441,4,1,104498.01
93.04959034415174,2,1,55565.43
89.27993085203704,5,1,87265.19
193.548089108581,2,3,95075.86
106.10146917320648,4,3,91197.59
214.80749337639418,1,2,82263.85
180.82296563130777,5,3,121059.76
176.8298260283412,5,3,127927.61
170.23477278071502,5,2,116969.82
159.57254360119558,5,1,106910.68
194.02555995885552,2,3,100169.09
127.29598187421975,4,3,103250.66
154.29759867171924,2,2,85790.31
187.5973293838598,3,2,107661.58
178.1494859293064,3,3,100829.48
90.25065973656699,1,1,54878.73
124.9795166347868,1,1,58897.37
162.64017527095774,5,2,117723.09
129.59926454800515,3,2,84720.64
238.73292804866668,2,1,107107.04
130.34234026229436,4,3,102327.03
141.88907762116546,3,3,96355.93
188.4715089088652,3,2,102596.8
166.52663716174578,2,3,96417.05
142.73627713976154,3,1,73064.21
112.17532355596259,2,3,68769.8
165.07570286983832,2,2,93405.64
201.95482201891963,2,2,97157.48
173.95476120491142,2,2,87101.38
111.0908239271939,3,3,93540.56
236.83874784883554,3,1,108302.33
77.67110549820528,4,3,88888.96
70.86571790986055,1,3,56313.71
198.02786122286142,4,2,111347.49
161.29202393013452,2,3,90851.0
122.52507268479799,5,3,117759.77
95.07146362223352,4,2,88827.43
266.0399919640149,5,2,151291.86
155.8545436077721,5,1,104507.67
176.71005854228858,3,3,102649.27
165.89425486190908,2,1,86316.98
171.7403978865579,1,2,74395.29
177.0047230262403,1,3,81184.7
186.6212004877438,1,1,76683.29
131.23887996196638,1,3,68351.21
135.41790068240778,1,3,72698.03
62.94885958205492,5,2,81839.05
110.98477967492303,5,3,103671.27
163.55563982233573,5,1,104344.1
202.25116877513452,2,2,98429.78
179.95197631880922,4,3,122891.2
132.9653828061035,3,1,75432.77
86.84135439574229,5,3,94341.04
11.132042728628335,2,3,60079.18
207.58669873903995,2,1,85577.31
120.53855067449251,3,1,82544.08
127.57674968979704,1,2,67147.42
156.57869839540342,2,2,83478.41
79.72199763040551,4,3,79902.62
132.51089099442316,4,2,88743.06
251.1735974884987,4,3,139105.03
175.26934692886715,2,2,97238.92
167.96245782567283,2,3,94249.09
70.87527610091207,2,2,58662.74
262.180094729132,2,2,112330.62
78.86025456868286,4,3,77277.75
246.11623777221993,3,1,112560.29
44.24719924060963,3,2,56862.54
220.26827193622103,2,3,102163.3
230.90271345001128,4,3,124486.1
108.77954393360827,3,3,82109.72
171.12901861364415,4,1,94686.5
177.37402860523326,2,1,89820.94
109.3102758384347,2,2,70004.64
77.54411946315348,5,3,91150.87
84.11413284296174,2,1,53423.97
177.05041099799038,4,1,105738.17
145.7442198740297,2,1,69007.09
121.78494833489198,1,1,56546.63
198.338400558323,5,3,138305.27
175.4033954695739,2,2,83522.03
112.22686368171833,2,1,69003.2
89.93992404913054,5,2,89517.29
176.16308693440385,1,1,64057.25
123.1208315720969,5,1,98153.84
154.9602431265751,4,2,96635.75
228.8149486313859,4,2,123530.85
175.116412003739,1,3,88446.0
106.88665001233817,2,3,71907.04
158.03305949098865,5,3,121782.74
102.36775235923062,3,3,88702.48
230.4261077974362,1,2,85227.61
121.92106251983896,5,2,99084.49
160.36353734868092,5,1,107719.57
165.3866287339716,1,2,76273.49
157.96252341868512,3,1,88649.47
52.072552243173064,4,3,77009.87
77.67894680083357,4,1,73794.34
127.38248622154542,2,3,88667.22
165.97159166657653,2,1,71218.99
143.11103928571146,4,3,103057.62
102.14262634244916,3,2,78445.23
82.57878404391495,1,3,44764.36
129.92212277503282,5,3,111412.3
126.57619776601385,2,1,66399.13
175.64182287963783,4,2,108023.27
133.68407689208408,5,1,103038.8
180.13538282146646,1,2,82374.67
120.26751151397973,1,2,72153.06
137.20211653928658,2,3,81588.02
132.59768101786904,2,3,80389.59
110.8816516548955,3,3,83967.89
181.2559328216865,1,1,76995.11
109.32020014527464,4,1,84521.2
123.91792450146906,1,2,70481.94
146.34401770259015,1,1,65718.9
85.13101720216301,3,3,71791.1
133.75325208397504,1,1,52615.69
114.43468201286058,4,1,74537.61
130.59229037588753,3,2,81167.48
147.00359986644546,1,3,83308.24
110.00431884296677,2,1,75026.32
138.99621100898221,5,1,99861.18
215.43343761760894,1,2,90184.95
148.71007208727565,4,2,102094.22
207.26310865096124,4,2,110450.21
167.32472210033802,2,3,89980.21
188.7080304909408,1,2,79800.95
111.2770515614587,1,1,49374.48
155.24535825427563,1,1,57084.75
156.6956461307738,4,3,109871.78
119.36871305625321,3,2,85478.21
108.8585837852859,3,3,84936.96
75.48673060463508,2,3,66740.78
224.8069818475816,4,3,131269.88
101.37985553237512,5,3,96219.71
217.311053661115,2,2,110720.47
126.62534131710733,3,3,88551.42
106.8753350137633,5,3,109287.85
181.1259570152499,2,3,92468.74
118.44040291265715,2,1,67247.57
178.42294594621384,4,2,100969.09
133.35941175738952,1,3,80460.43
174.02122480588935,3,1,87822.49
101.59069680464475,3,2,65400.32
191.56755289923842,1,3,85723.1
174.39863413315024,5,2,115452.93
104.01746549686692,5,2,89409.03
282.1467860507371,5,2,156737.46
177.0061513200247,1,3,83125.23
264.52335352652693,4,3,131509.72
230.01339093743798,4,2,118427.96
140.5582609891108,2,1,71303.17
129.38641226977285,3,2,86936.34
129.82704082895992,1,3,72618.09
58.49857247860949,4,3,70671.91
115.20824403252263,3,3,80991.87
162.33830119899852,5,3,123682.05
226.2978780442404,1,2,91540.25
111.3614058510899,3,1,73133.64
194.10282996815053,4,2,115517.55
87.37033292483405,5,3,100712.04
120.68399873944338,2,2,62767.81
127.1179702855237,2,1,62151.79
168.59055407487466,2,1,76739.81
172.86548233604057,4,2,114177.51
198.11708724071727,1,1,82902.02
188.54184802024685,3,2,101470.23
162.1584107701246,4,2,105002.26
169.51824717543113,3,1,88712.95
229.42653455487664,4,3,135277.31
124.45369093838684,5,2,109272.57
188.73641595335812,4,1,107776.26
59.592803675087424,2,2,59689.14
170.56671214488043,1,1,71092.76
125.83752287604463,3,1,68070.28
150.1285591215755,5,2,105448.79
202.00431225268517,2,2,88542.7
158.2321904763199,5,2,119004.38
194.25937706044635,3,3,108065.4
223.68824075692024,4,3,125324.12
169.45469844328602,1,2,71981.72
208.55205323102442,2,1,81779.2
133.67195111603962,1,2,61259.73
149.5895058865193,3,1,81313.34
123.8690291800761,5,1,102809.04
202.1488797323188,1,2,95035.24
170.70456768967975,5,2,114788.55
124.63827690525387,1,2,57934.68
157.7334416823166,3,2,97681.85
202.07841944092908,5,3,136407.78
148.03660044810235,1,2,71380.45
102.55335945751183,1,2,44449.14
156.5955877893706,3,1,89247.95
50.97172044655302,5,3,87514.59
188.43853221997375,1,1,70632.04
128.93362063376597,2,1,64132.48
126.53446318604466,3,1,77069.96
193.78478393897535,1,2,84475.26
81.74185613874157,3,3,79920.94
247.3549321410179,4,1,122944.06
125.98789791308883,1,1,54671.59
123.83745283075524,2,3,73051.69
201.06123715835815,4,1,114282.46
185.43476365552132,3,2,90891.95
272.5614859537538,5,1,147813.76
139.439700818424,5,2,110821.89
143.9796680667795,3,3,95743.98
76.03420100183732,5,2,93311.97
133.39488613255875,5,3,113401.64
113.9284352214122,2,3,78576.52
127.56164934472504,4,2,99345.66
62.79061217230225,1,1,30354.39
233.0303779947257,4,1,123747.2
79.16982587871797,3,1,62386.16
9.889860080414337,2,1,23298.34
90.57877892084903,3,1,63027.17
119.80802236019245,4,2,92738.98
92.5222968371441,2,3,75774.32
204.9151770366256,2,1,98256.86
143.1080410701953,4,3,104107.58
151.26928022032294,1,1,67853.41
180.51958821527063,4,1,105133.62
164.3006263489059,2,1,77013.25
198.92836487230215,2,2,100507.2
94.52612231819273,1,3,64964.33
122.62409496602841,1,2,63625.43
183.2983573034769,3,3,114052.21
23.272276895788508,3,1,51425.54
81.24077603413797,2,1,54505.44
175.04961160899734,3,1,82268.45
125.98754825025372,1,2,55541.91
196.80537750548487,3,3,118830.41
190.45901484265812,3,3,113911.51
90.0953559904481,2,3,69938.97
170.33285437334405,4,2,107158.52
210.08489278337532,4,3,122583.3
157.3717200825486,5,3,129198.77
101.12675613770654,5,2,100906.9
193.9694970956685,2,2,90996.54
181.77122632769976,2,3,99759.09
177.13053917493983,4,3,115374.67
185.7969446718496,2,2,95495.3
0.26935698861905166,1,2,36663.18
194.0468780540486,2,2,93493.18
240.40659052894875,3,2,105669.63
171.83192373146466,2,2,92446.56
159.63644982498633,4,2,109865.07
184.82193366957196,1,1,80495.51
166.91127368425578,5,3,121148.32
182.5890630850308,1,3,80581.46
150.07355001227054,1,3,77856.02
111.66475727315498,3,2,77623.62
99.78386438926933,1,1,50399.17
100.09041358840679,2,3,77067.89
81.34787245245523,4,1,76886.63
96.61289944904468,1,1,51318.62
238.06330637099316,1,2,89325.63
187.70478318281215,2,3,92919.01
118.74863046576644,1,1,55013.53
130.4803653007246,5,2,109288.88
155.62787654532272,1,3,69712.41
117.2227485257821,1,2,58484.92
153.37584285871625,1,1,70960.63
188.8802068951456,5,3,132703.65
148.21286332259132,5,3,121160.11
166.80078713309962,5,3,126844.19
194.3245769679808,5,3,123982.59
136.3934121990896,1,3,76181.89
164.23952995671817,2,2,80224.48
134.53112035583194,4,3,110715.34
148.57355650827918,4,2,95889.89
133.763486745852,1,3,66022.75
123.55650732219424,3,1,83615.88
158.68559264935118,4,2,99599.23
178.32726579091062,5,1,110386.35
157.3152223000522,3,2,97682.45
174.9363479155966,2,3,96734.28
113.1034109879385,3,3,81700.28
89.81324039001103,2,2,76731.31
170.85217514838018,3,3,101808.58
184.39406955873773,4,2,110039.32
152.49286332999114,5,2,105407.25
217.40178902123594,2,3,105209.78
195.38493989939494,2,3,106966.28
284.02854203845004,3,3,131761.29
139.95957430021673,5,2,107149.1
100.05756019523159,1,1,49745.3
112.99316046302432,2,2,75478.71
121.72510968126718,5,2,97370.22
173.80156917190573,1,3,82136.39
42.09657180193716,2,3,53279.94
215.92755090454182,5,3,137785.23
138.0351704428828,2,1,80608.21
137.66032211056242,4,1,92343.53
96.03284169875025,5,2,93379.8
144.288722427491,3,2,86382.97
150.66198838337667,3,2,89293.3
143.90275361998613,1,1,69840.94
166.95296279712153,4,1,103225.96
120.51839790244851,1,2,63325.84
105.20921197945864,3,2,76803.88
177.416406524899,5,3,118630.59
154.93337269078978,4,1,94584.22
159.85905275986838,2,2,83443.6
202.9513627220983,2,2,96919.68
98.87178043696571,5,1,89363.21
107.2379771374568,3,3,85328.47
212.86098254144972,1,3,101584.58
75.85583212129788,3,1,58534.37
84.52939268344929,5,2,94952.56
190.8930915592498,3,1,84533.5
161.91000960110193,1,2,68761.39
155.26160685296378,1,1,62184.92
145.41702959498085,4,3,107797.83
151.56337735137848,4,2,104797.8
145.3943942654022,4,2,98881.7
217.7721351297209,3,3,121817.52
130.09259356249623,2,3,95224.27
141.93132318611103,3,3,93699.04
239.72244026125367,1,2,93976.54
151.3754851014918,4,3,103944.25
261.6008194762589,5,3,154249.7
144.75101494905232,2,2,59833.08
218.37074912300793,3,3,119338.28
67.2327980845161,2,1,48303.21
157.68222304078333,5,1,99469.76
70.77632184245323,4,1,75684.15
192.2227153302293,4,3,120316.86
89.35660918954876,1,2,54828.59
164.18847771916728,3,3,101260.65
135.89020616547825,1,1,59258.65
92.08984074079856,2,3,66628.74
69.03200085512287,5,3,85811.64
124.44797682099451,5,2,108694.94
237.03147229476656,1,1,78464.63
135.32574725553113,1,1,59794.71
195.8610771057928,2,1,89719.1
147.14785661689058,4,3,110015.35
193.83633868452262,5,1,113068.54
58.65443108477412,1,3,54668.03
129.84058465752332,5,1,104728.15
197.47027618966092,4,2,116092.29
141.83725255834105,5,1,99919.78
145.67723586444765,4,1,96351.95
128.47690440571034,4,2,91640.24
207.46896916835618,3,3,114953.04
164.8757176977473,2,1,79216.87
152.2011138087674,5,1,100270.09
182.15272726696463,4,2,110950.83
179.41124645589684,5,2,126704.99
160.62935232187684,1,3,87619.62
227.35157484954223,2,2,108093.31
146.98562331804405,2,1,73058.7
163.9040523983972,1,1,74610.25
117.85237233235549,1,3,64920.55
157.50576135030647,5,2,111223.14
229.38807618726838,3,3,126821.01
117.83711991056306,5,2,105176.59
93.32035871807706,5,1,82342.58
199.8379821409908,4,1,100597.11
142.56169238831603,5,3,118998.68
154.8002102484885,2,2,83974.26
147.74433481533325,3,1,87423.0
153.95608619647675,1,1,66525.96
192.5265341761719,2,2,95463.48
108.04379047003631,1,3,68182.84
99.41129579472558,4,3,85374.99
154.2484068518854,5,3,121783.02
69.67801552750836,4,3,82838.33
81.34732319790358,1,3,54951.12
243.33415741658135,5,1,133885.3
187.8734165030702,5,2,127089.23
149.49717640654927,4,3,115872.66
211.900346797922,1,1,80613.21
97.97003849574276,3,3,87736.04
134.21984383070708,4,3,106336.24
181.1726804712191,2,1,82739.54
194.53358407156975,2,3,105114.02
175.64584234138883,2,2,84530.37
22.93805961558877,1,3,47393.22
101.59589411677109,2,1,58009.72
173.85340461784327,2,2,101504.45
132.2024253476597,5,1,107200.72
277.0115810379586,5,3,163328.39
196.32791504835484,5,2,120038.4
177.9040940309333,1,1,67554.0
94.15252231266382,2,3,72257.34
148.2351630198542,4,1,88319.77
162.06019821094762,2,3,86924.79
206.38918150639012,5,2,125157.75
194.0565548549816,2,3,109908.98
201.64945972599727,5,2,123140.54
103.8043992094999,2,1,64308.08
220.60758491493152,1,2,94268.6
80.97846238463654,3,1,57817.67
123.20427191669191,3,3,87620.77
171.5385567472821,2,3,88307.47
142.50542041334305,4,2,97018.43
99.69815710398042,2,3,72499.79
108.92250871984336,2,1,63317.77
72.58728385754787,3,3,67619.2
176.59873195035956,2,3,97239.59
213.02844225210748,2,1,93048.06
144.9803248299317,5,2,113996.19
129.98255924932883,2,3,86653.45
76.38385357667552,5,3,96988.2
195.6600962126089,1,3,90144.54
260.56521666197466,4,3,139648.08
60.127209781655125,2,3,53306.49
96.82835309226965,5,2,90905.21
116.0203478727928,5,2,103784.09
121.78410451587555,2,1,63557.02
161.36729750717404,3,2,97029.58
230.71247736401136,3,1,114129.01
200.4298643430052,2,2,104286.31
176.3798691387158,2,1,79460.4
113.8035647970699,3,1,74302.91
94.01858831597728,2,3,76369.23
110.16123468468496,2,1,66696.09
227.40334006893693,3,3,125858.92
146.91283492710494,5,1,104011.34
127.65818731686895,1,1,54825.58
140.8122134875004,2,3,87482.79
191.2309109819234,3,2,113098.56
84.35751627251041,2,2,55905.55
220.7437067961211,2,2,97129.16
157.82381284731494,5,3,125908.63
139.1828010852137,1,3,76407.24
172.14230568733694,2,2,92054.08
160.91985365649685,1,3,77355.89
132.79017717663095,3,3,81629.33
137.36446639791967,3,2,87173.86
106.55687265670238,4,2,88080.66
182.81953754296512,5,2,128922.15
123.40030952944191,3,2,83283.32
102.18707887838586,2,2,69793.56
158.29317613267688,2,2,80991.7
216.45706413727765,3,3,115991.23
147.58276881100903,4,3,106763.26
119.5949371524155,5,1,90949.24
170.19480104179868,4,3,107058.75
246.8356231201276,1,1,97761.74
77.40472352841263,5,2,93673.78
169.11013938926467,5,1,106191.58
160.25433126159268,2,2,84099.98
208.07669017795587,5,1,123413.94
199.54545868424225,5,3,137287.97
140.66454440951105,2,2,78872.31
65.77413722875586,5,2,86124.35
190.32818839481297,4,3,140244.65
108.24036549042584,5,1,82178.68
102.66297945214052,3,3,89898.66
207.4175290345563,5,3,129509.73
104.45748111806738,5,2,97642.06
220.14223700501216,1,2,103236.7
166.79223607026566,1,1,61878.96
165.95592000431412,4,3,109607.92
165.36323902527954,1,2,77801.12
68.07881871291039,4,2,76357.66
61.180569182671206,1,1,37772.36
160.77765268943423,1,1,66949.71
178.400367961321,2,1,78404.63
154.13055160781005,4,3,106130.6
108.92327414902363,5,1,89205.99
150.94610519410975,1,3,81623.58
145.8982923427258,4,3,101235.72
102.14209508622949,5,3,100299.55
200.69860770560808,1,2,86923.17
63.48619692249571,3,1,59579.81
179.43712034037532,5,3,135340.02
169.21617026056225,1,2,75890.89
200.48559274058573,1,3,89117.61
99.73440638255707,5,1,83682.84
155.07035733341056,4,1,98343.84
258.55824746590827,2,3,114793.98
183.10371444998532,1,1,78351.77
155.02906043644816,4,2,104253.04
176.95806370570983,3,2,99496.13
154.308842119006,5,1,112688.56
259.544900661992,4,3,149278.69
199.18180978945898,4,3,128809.92
145.71925228847513,4,3,108914.76
162.61657156922607,2,2,85805.93
130.46010019594934,2,1,62225.76
210.49250632051525,3,2,112727.69
79.69476143044946,1,1,48745.41
69.76307350695065,2,1,46004.34
222.9357374837997,2,2,107865.21
257.65598962852914,2,2,111196.4
173.4152453844796,2,1,84143.03
155.63689706178687,3,3,96760.49
182.86338451523886,4,1,105449.19
117.64732368086203,5,2,100518.84
158.5621772576106,5,1,108105.3
151.94543529281074,4,1,97781.12
181.32821253726803,1,1,76682.4
72.10007359083018,3,2,69904.88
124.64826151173312,3,3,93200.28
192.24978015004186,2,3,101710.28
116.22030861849686,4,3,94534.57
100.33193122884323,2,2,64446.15
252.1036074913477,5,2,128499.6
151.90590000897,5,3,122937.51
121.05409300283961,4,1,89638.64
65.38147812629458,5,1,76082.28
186.4673173140213,3,2,106433.04
184.95680768593468,2,2,94190.77
135.0620199715032,3,1,84417.24
94.88849045464548,4,2,86827.04
148.77252881788104,4,2,102551.57
108.20719662591893,5,1,94678.78
102.8953205563442,1,3,63594.99
144.83936242691462,1,1,70770.55
97.43048006699678,4,3,95191.24
162.3324477626223,3,3,98370.96
180.39962547031985,2,3,95769.54
108.01837764134044,1,1,42840.69
81.58774523308047,1,2,59546.19
228.06397994779036,3,1,107083.52
102.98648820213975,4,1,63767.71
117.00286474488311,5,2,91657.58
160.65085837149437,3,1,87042.3
179.96846862611486,4,2,107518.4
137.18415531551787,2,2,91210.43
173.03971638506277,4,3,118384.4
129.95069210517994,5,2,98301.55
101.44146675878046,4,3,96314.72
221.31584303935136,4,3,125054.25
274.4220807165564,3,2,135960.71
234.79847665070847,5,2,127697.39
157.09033195767273,5,2,106728.44
241.67176809078393,1,2,99010.8
167.78517578619923,1,2,71777.47
126.13568647983854,2,1,68109.37
173.31897871909894,2,2,88021.92
145.28037467944074,5,3,123567.84
100.84409081271461,4,1,88394.91
105.0839014283992,1,2,55259.23
190.1025869370258,2,2,91955.38
57.673400916766354,5,3,89237.99
180.2068370221342,4,3,111502.22
68.52081986257808,3,1,56888.62
43.9411777548782,4,1,62671.18
58.057669812075076,1,2,29676.6
248.338198596737,4,1,112624.89
140.1883017528229,1,1,51281.62
154.32915900827095,3,2,97000.84
220.96275229554755,4,1,121212.42
196.70898742498625,3,3,106981.27
80.42473652978902,1,2,47376.98
193.45031714093807,1,2,78797.0
159.20906323517733,1,2,79797.43
132.91609512020597,5,1,96893.42
151.21454570688903,1,2,67264.95
213.9906010314011,2,3,101897.71
105.70167589795236,4,1,81109.75
170.04428395520605,5,3,131738.69
149.5171381733546,3,1,87309.12
60.14176923021908,3,3,80379.41
109.88734141345947,2,2,63719.35
159.66067766168482,4,2,111992.34
214.86710445464453,2,1,90419.56
200.06655086733647,4,2,119800.53
179.86062522017124,3,1,97876.96
109.23621694317707,2,2,62360.79
240.06069954042675,3,1,111694.18
160.76202338198058,4,1,100394.35
99.68172391607249,2,3,65194.01
140.85475095715245,2,2,81631.13
194.81242126780796,5,3,130407.64
150.3808749159079,5,2,108521.29
194.34323432913806,4,2,110128.09
205.1846978731075,4,2,118220.04
170.0265342299353,2,3,89868.8
107.11486884765529,5,3,106759.7
156.77273315949904,4,3,109081.22
152.25829279694156,2,2,75166.05
242.96731669258142,4,1,117875.1
68.6839031086585,1,2,45041.17
143.2588774452823,5,2,113218.2
120.79532266025403,4,1,88407.63
166.75528100979994,3,2,87185.93
28.1217820400322,2,3,53690.96
205.746227974514,2,3,95119.89
150.6874243667767,5,3,116820.88
57.76494181859769,5,3,92869.11
131.9443432630067,2,1,70394.15
180.4481170827262,4,3,124392.61
70.42760622709842,5,2,86420.85
150.16111082215778,5,2,113968.15
97.12631760992349,2,3,69791.11
122.20074840605163,2,1,59634.95
151.33691913373184,4,2,93503.37
159.1725126790788,2,1,84092.92
126.46287509086363,1,1,48281.17
163.6398194765132,4,3,104506.94
190.89888036274027,3,3,103928.81
136.054286244838,4,2,102977.57
221.57838787246453,1,1,88689.64
223.11070853902098,3,1,118069.94
128.56489672070856,4,3,96626.71
118.10797217632079,2,1,62783.39
66.79135074169132,3,2,70867.49
143.67153341803052,5,3,112018.07
131.82811099419743,2,1,68907.11
188.95256100664957,4,1,121891.19
74.51691969658506,2,3,65369.59
136.1304304128445,2,3,85463.66
198.43721965555727,2,3,101675.57
113.482145222102,5,1,93086.96
111.88192316361953,2,3,80589.47
77.65298326220957,5,2,90889.8
281.028692300912,4,1,135073.88
112.62634109673104,1,1,56511.72
84.98265838908304,5,3,100283.98
109.807479798424,2,1,70122.07
111.28524597565978,5,2,102583.48
136.53051107743798,3,2,81938.18
191.26861160437574,4,1,111105.03
135.08384155020832,2,3,74760.26
103.85883425015861,3,3,87093.79
77.43307509044874,3,2,58894.97
151.09286791099356,5,1,106244.12
152.12695370148953,3,1,85709.24
226.54661755144122,2,2,106846.85
154.62238677349043,3,2,83112.93
145.04958443579613,3,2,85264.87
97.46730817062553,5,1,88544.91
134.7023712450804,2,2,78588.6
128.0762770982697,1,2,58338.98
131.49179177431486,4,3,94564.13
102.03723036797058,1,2,62685.61
176.91648016380884,1,1,72219.59
142.87772912453153,2,1,72822.77
139.98232599975063,2,1,75989.47
64.29769419755019,3,2,67679.96
174.6822043762432,4,1,93669.89
174.35076629901897,5,1,108925.99
108.04352985788931,2,2,58574.53
199.5060691939597,2,2,86523.64
81.76208849587839,3,3,66280.82
148.906504560546,4,3,118354.8
136.4396330054918,5,1,104255.46
84.14126055971029,4,1,81166.86
159.48513060399978,4,2,102022.9
235.12850761208955,3,1,107172.55
153.381711503346,1,3,76631.19
126.84891229454746,2,2,82291.99
172.35120784428392,1,3,78904.67
155.28599977335776,1,1,65879.4
151.38810658127508,1,3,76355.53
128.7228893614276,3,1,74728.95
221.09877796462325,5,1,129569.12
172.81816817403927,4,3,108207.14
123.56646705322557,1,2,66386.16
144.5998081609521,5,2,110962.61
112.95666478979638,3,2,71691.8
119.58544249592525,5,2,99865.64
117.96371379049005,3,2,76884.19
93.28442031388863,4,3,88007.05
188.86384818839775,2,2,93887.25
135.4479268363487,2,2,80018.62
177.70637891633848,4,3,121112.77
116.49370511363517,3,3,90421.77
146.98187528038306,2,2,80658.51
114.44797016044444,1,1,47344.14
185.98340852686658,3,2,98077.86
137.5790346647481,2,2,77852.59
113.4563207024307,2,3,79156.09
67.9148385595108,1,3,52609.63
163.78332746703873,4,1,92282.56
114.58074738309465,2,1,61717.43
149.21103914395025,1,3,73830.92
125.41349459932363,5,1,98918.7
197.70947904493823,4,1,108787.14
177.2072376179004,3,2,104693.01
172.36060437274156,4,3,105337.71
119.19394383382604,2,1,66512.91
173.31450217750947,2,2,86031.26
235.74158043380214,1,2,98567.1
108.3906982924969,2,3,61876.73
158.61695696145944,4,3,101368.53
67.5391512791434,1,3,59293.51
219.92810460627678,5,1,136586.01
130.10439507045794,5,1,90912.83
189.12894404209888,5,3,127573.32
63.838587464183846,1,2,48561.78
239.87696935629523,4,2,122335.21
132.15642359872007,1,3,69677.61
177.28286617350136,3,1,92060.96
157.5409103166297,1,3,88939.57
137.22646069061153,2,3,78598.27
234.2896151329652,5,1,125902.98
67.59768968169101,1,2,54163.7
164.93568299960046,3,2,84340.77
195.5322836114985,2,2,102850.35
148.50719391818168,4,3,107629.24
144.0914607816704,1,3,73690.56
142.86561439632675,5,2,114753.33
88.61817897947961,2,3,82969.45
151.90636920474674,1,2,73293.16
175.63587617361995,2,2,90964.86
153.429961374033,2,3,83245.03
136.38619494274596,2,2,66585.05
125.51374888134866,3,1,67526.55
136.0351665360814,1,2,60365.74
212.88721087480192,2,1,94487.08
45.668251028972875,1,1,33846.51
152.00357282738878,2,2,81432.46
133.61225413517917,5,2,109722.14
222.79039759184218,1,3,103563.79
152.77461127219013,1,1,63253.74
224.2462799349977,5,3,138792.09
43.80549909772205,1,2,45221.01
172.9792452417028,2,1,79498.85
164.00289300188402,3,2,87958.53
219.5266983536969,1,3,101758.2
67.93256955884854,5,3,94163.52
142.2482095940837,3,3,98873.08
153.30301308932462,1,2,72136.12
125.21022527273954,2,2,77675.55
210.82888568714702,4,3,132005.51
133.0658907277301,4,1,99063.56
251.7381272010577,3,1,99657.47
202.70889544694614,5,2,126831.74
197.54168485019,1,3,87739.4
177.96494906954422,4,1,101689.88
96.81522044872261,4,2,82289.92
128.44518312446215,1,1,49047.52
178.6375683428608,1,1,73101.76
183.87785167938586,5,2,115882.83
215.35919225406286,1,1,84340.86
126.62794951870468,4,2,85655.95
106.99233075376684,1,1,58579.11
192.95520963927652,2,1,95492.48
109.51867119799437,4,2,87219.36
193.6655918035206,3,3,112114.75
209.9868088207519,5,3,142490.74
172.80765179135278,4,3,116092.74
132.1210484015701,1,2,64486.25
152.05411130719398,5,2,113416.68
179.67329598016195,5,1,119872.98
150.50927593560368,3,1,87183.07
259.91481693352466,2,3,116189.83
100.46645346864254,2,2,66277.51
99.86657063151046,1,1,55110.54
101.15523066323374,2,3,69971.84
120.52100387273921,5,2,103857.27
41.05342399025453,1,2,42515.41
118.51747865299095,2,3,74092.38
117.33576490360555,1,1,60897.61
153.9257012587088,5,3,121071.88
170.89002916030407,5,1,114674.24
87.98918317961149,4,1,67516.53
195.0027121382036,2,2,86397.35
240.11211148952736,2,2,112355.14
139.5857448452502,3,2,84775.75
228.71856187377858,2,2,108461.64
159.9494747202594,1,3,79559.53
249.43659592976957,1,2,95814.13
205.8641732844095,5,2,129742.15
71.80476825801169,1,1,47248.83
150.93136853306777,3,2,103473.43
202.71624874520387,5,2,126121.08
151.52732905203084,5,3,118334.06
148.15582345774666,5,2,115578.21
213.48823751571518,2,2,101231.56
114.50729089269481,1,3,62156.41
150.87578066391092,2,2,73376.16
166.18128823045595,4,2,109457.26
133.3104519823218,5,3,110759.25
148.99354480612314,4,3,101530.81
188.75116316120852,2,2,104905.92
171.6418810749997,1,2,80907.56
109.56412340102332,5,3,99628.3
94.79380071003692,4,3,89007.98
110.54489098716749,4,3,95229.01
150.06242278942432,5,1,109311.06
142.00301061214785,3,2,89624.07
108.40212533914377,5,3,106548.53
120.09247737417571,4,1,92370.99
73.99803574039682,2,2,59810.1
170.8926851608663,2,2,93271.26
147.99906373241836,4,3,107884.39
87.0106328297365,2,1,51410.9
151.43102520938913,2,3,88588.12
217.13110052551767,3,1,109476.92
113.00320735173702,4,1,83039.69
215.7568832860486,1,3,104795.62
133.8271263758288,3,2,85060.76
159.8914083924934,4,2,101781.3
154.88754012110925,2,2,83990.62
220.07617080026228,2,1,90652.94
157.92169233927658,1,2,75597.63
92.90492903980767,2,1,57914.7
84.45148147793938,1,2,44514.17
